Товар 1С,Артикул,Цена 1С (руб),Маркетплейс,Название на маркетплейсе,Цена конкурента (руб),Разница (руб),Разница (%),Совпадение (%),Ссылка
"Гайка М16х1,5 для фитинга Н655",_Гайка_М16х,300.0,Wildberries,"ПРОМАВТОМЕТИЗ/Гайка М16х1,5 ГОСТ 5915-70, 5927-70, КП 6 /Гайка М16х1,5 ГОСТ 5915-70, 5927-70, КП 6",362.0,62.0,20.7,65.0,https://www.wildberries.ru/catalog/440623793/detail.aspx
"Гайка М16х1,5 для фитинга Н655",_Гайка_М16х,300.0,Wildberries,"ПРОМАВТОМЕТИЗ/Гайка низкая М16х1,5 1 07914 11 автомобильная /Гайка низкая М16х1,5 1 07914 11 автомобильная",314.0,14.0,4.7,65.0,https://www.wildberries.ru/catalog/450902634/detail.aspx
"Гайка М16х1,5 для фитинга Н655",_Гайка_М16х,300.0,Wildberries,"ПРОМАВТОМЕТИЗ/Гайка низкая М16х1,5 1 07914 11 автомобильная /Гайка низкая М16х1,5 1 07914 11 автомобильная",493.0,193.0,64.3,65.0,https://www.wildberries.ru/catalog/450902635/detail.aspx
"Гайка М16х1,5 для фитинга Н655",_Гайка_М16х,300.0,Wildberries,"ПРОМАВТОМЕТИЗ/Гайка низкая М16х1,5 1 07914 11 автомобильная /Гайка низкая М16х1,5 1 07914 11 автомобильная",856.0,556.0,185.3,65.0,https://www.wildberries.ru/catalog/450902636/detail.aspx
"Гайка М16х1,5 для фитинга Н655",_Гайка_М16х,300.0,Wildberries,"ПРОМАВТОМЕТИЗ/Гайка низкая М16х1,5 1 07914 11 автомобильная /Гайка низкая М16х1,5 1 07914 11 автомобильная",394.0,94.0,31.3,65.0,https://www.wildberries.ru/catalog/450902632/detail.aspx
525 MVXZ2-MLJ ЗАМОК-ЗАКЛЕПКА,MVXZ2-MLJ_525_MVXZ2-,500.0,Не найдено,,,,,,
525 SROZ2-SKJ/G ЗАМОК-ЗАЩЕЛКА GOLD,SROZ2-SKJ_525_SROZ2-,500.0,Не найдено,,,,,,
530 SROZ2-SKJ ЗАМОК-ЗАЩЁЛКА,SROZ2-SKJ_530_SROZ2-,400.0,Wildberries,zamok-opt/Замок-защёлка регулируемый Х-100 ЦИНК /Замок-защёлка регулируемый Х-100 ЦИНК,355.0,-45.0,-11.2,68.0,https://www.wildberries.ru/catalog/23812065/detail.aspx
530 SROZ2-SKJ ЗАМОК-ЗАЩЁЛКА,SROZ2-SKJ_530_SROZ2-,400.0,Wildberries,zamok-opt/Замок-защёлка накладной W-528 НИКЕЛЬ /Замок-защёлка накладной W-528 НИКЕЛЬ,197.0,-203.0,-50.8,68.0,https://www.wildberries.ru/catalog/33111416/detail.aspx
530 SROZ2-SKJ ЗАМОК-ЗАЩЁЛКА,SROZ2-SKJ_530_SROZ2-,400.0,Wildberries,zamok-opt/Замок-защёлка с пружиной накладной W-538 НИКЕЛЬ /Замок-защёлка с пружиной накладной W-538 НИКЕЛЬ,216.0,-184.0,-46.0,68.0,https://www.wildberries.ru/catalog/33091572/detail.aspx
530 SROZ2-SKJ ЗАМОК-ЗАЩЁЛКА,SROZ2-SKJ_530_SROZ2-,400.0,Wildberries,zamok-opt/Замок-защёлка с пружиной накладной W-548 НИКЕЛЬ /Замок-защёлка с пружиной накладной W-548 НИКЕЛЬ,223.0,-177.0,-44.2,68.0,https://www.wildberries.ru/catalog/33185431/detail.aspx
530 SROZ2-SKJ ЗАМОК-ЗАЩЁЛКА,SROZ2-SKJ_530_SROZ2-,400.0,Wildberries,zamok-opt/Замок-защёлка с пружиной накладной W-538 НИКЕЛЬ /Замок-защёлка с пружиной накладной W-538 НИКЕЛЬ,216.0,-184.0,-46.0,68.0,https://www.wildberries.ru/catalog/33091572/detail.aspx
530ZVX3-MLJ ЗАМОК-ЗАКЛЕПКА,530ZVX3-MLJ_530ZVX3-ML,550.0,Не найдено,,,,,,
ABS-CLIPS Фиксатор для ABS HEL,ABS-CLIPS_ABS-CLIPS_,250.0,Не найдено,,,,,,
CCW-08 Медная шайба HEL - 8MM,CCW-08_CCW-08_Мед,50.0,Не найдено,,,,,,
"Медная шайба - 10MM, 3/8”",_Медная_шай,50.0,Не найдено,,,,,,
Медная шайба 7/16 HD,_Медная_шай,50.0,Не найдено,,,,,,
Медная шайба 12mm,_Медная_шай,50.0,Не найдено,,,,,,
Стальная стопорная скоба для H663/H675,_Стальная_с,260.0,Не найдено,,,,,,
Clip-spring Скоба-пружина HEL,_Clip-sprin,50.0,Не найдено,,,,,,
CRAZY IRON Адаптер для переднего подката PRO D15,_CRAZY_IRON,490.0,Не найдено,,,,,,
H-JOINER Соединитель HEL,H-JOINER_H-JOINER_С,850.0,Не найдено,,,,,,
H150-03C Банджо болт HEL - 3/8” X 24 UNF,H150-03C_H150-03C_Б,450.0,Не найдено,,,,,,
Банджо болт HEL короткий JIC 7/16 x 20,_Банджо_бол,500.0,Не найдено,,,,,,
H150-44C Банджо болт HEL короткий JIC 7/16 x 24,H150-44C_H150-44C_Б,450.0,Не найдено,,,,,,
H160-03-06C Банджо болт короткий HEL,H160-03_H160-03-06,350.0,Не найдено,,,,,,
H160-03-08C Банджо болт HEL - M8 X 1.00,H160-03_H160-03-08,380.0,Не найдено,,,,,,
H160-31C Банджо болт HEL - M10 X 1.00,H160-31C_H160-31C_Б,400.0,Не найдено,,,,,,
H160-32C Банджо болт HEL - M10 X 1.25,H160-32C_H160-32C_Б,500.0,Не найдено,,,,,,
H161-31C Двойной банджо болт HEL M10 X 1.00,H161-31C_H161-31C_Д,450.0,Не найдено,,,,,,
H161-32C Двойной банджо болт HEL M10 X 1.25,H161-32C_H161-32C_Д,500.0,Не найдено,,,,,,
H610 Вставка HEL выгнутая короткая,_H610_Встав,500.0,Не найдено,,,,,,
H616 Вставка HEL выпуклая короткая,_H616_Встав,450.0,Не найдено,,,,,,
H620 Вставка HEL с плоским конусом 44 mm,_H620_Встав,450.0,Не найдено,,,,,,
"H650-03CN Фитинг HEL """"Мама"""" 3/8""""",H650-03CN_H650-03CN_,350.0,Не найдено,,,,,,
"H650-04CN Фитинг HEL """"Мама""""",H650-04CN_H650-04CN_,900.0,Не найдено,,,,,,
"H650-31CN Фитинг HEL с внутренней резьбой """"Мама"""" M10 x 1.00 Metric",H650-31CN_H650-31CN_,500.0,Не найдено,,,,,,
"H650-32CN Фитинг HEL """"Мама"""" без вставки M10 x 1.25 Metric",H650-32CN_H650-32CN_,350.0,Не найдено,,,,,,
"H652-03CN Фитинг HEL """"Папа"""" 3/8"""" x 24",H652-03CN_H652-03CN_,350.0,Не найдено,,,,,,
"H652-04CN Фитинг HEL """"Папа"""" 7/16 x 20""""",H652-04CN_H652-04CN_,600.0,Не найдено,,,,,,
"H652-12-31CN Фитинг HEL """"Папа"""", M12 x 1.00 Metric",H652-12_H652-12-31,400.0,Не найдено,,,,,,
"H652-31CN Фитинг HEL """"Папа"""", только гайка M10 x 1.00 Metric",H652-31CN_H652-31CN_,500.0,Не найдено,,,,,,
"Фитинг HEL """"Папа"""" без вставки 13мм M10 x 1.00 Metric",_Фитинг_HEL,400.0,Не найдено,,,,,,
"H652-32CN Фитинг HEL """"Папа"""", только гайка M10 x 1.25 Metric",H652-32CN_H652-32CN_,350.0,Не найдено,,,,,,
"H657-31C Фитинг """"Папа"""", M10 x 1.00 Metric",H657-31C_H657-31C_Ф,750.0,Не найдено,,,,,,
"H657-32C Фитинг HEL """"Папа"""" со вставкой прямой M10 x 1.25 Metric",H657-32C_H657-32C_Ф,850.0,Не найдено,,,,,,
"H659-03C Фитинг HEL """"Папа"""" со вставкой",H659-03C_H659-03C_Ф,950.0,Не найдено,,,,,,
"H660-31CNR Фитинг HEL """"Мама"""" без вставки",H660-31CNR_H660-31CNR,750.0,Не найдено,,,,,,
"H660-32C-DEEP Фитинг HEL """"Мама"""" со вставкой """"вогнутая"""" M10 x 1.25 Metric",H660-32C_H660-32C-D,940.0,Не найдено,,,,,,
"Фитинг """"мама"""" под крепление скобой - Без вставки 3/8"""" x 24 JIC","_Фитинг_""""м",650.0,Не найдено,,,,,,
"H663-31CN-V3 Фитинг HEL """"Мама"""" под крепление скобой без вставки  - VAG M10 x 1.00 Metric",H663-31CN_H663-31CN-,800.0,Не найдено,,,,,,
"Фитинг """"мама"""" под крепление скобой - Без вставки M10 x 1.25 Metric","_Фитинг_""""м",650.0,Не найдено,,,,,,
"Фитинг """"мама"""" внутренняя М12х1, внешняя М16 х 1.5","_Фитинг_""""м",950.0,Не найдено,,,,,,
"H666-31CN Фитинг HEL """"Мама"""" под крепление скобой без вставки M10 x 1.00 Metric",H666-31CN_H666-31CN_,650.0,Не найдено,,,,,,
"H670-31CN Фитинг """"Мама"""", M10 x 1.00 Metric",H670-31CN_H670-31CN_,900.0,Не найдено,,,,,,
H692-03-06c Фитинг Банджо HEL 6мм прямой длина 45 мм,H692-03_H692-03-06,700.0,Не найдено,,,,,,
H692-03-06c Фитинг Банджо HEL 6мм прямой длина 60 мм,H692-03_H692-03-06,950.0,Не найдено,,,,,,
Гильза H707-03C,H707-03C_Гильза_H70,250.0,Не найдено,,,,,,
Вогнутый выпуклый адаптор метрический М/М из нержавеющей стали,_Вогнутый_в,900.0,Не найдено,,,,,,
Вогнутый выпуклый адаптор метрический М/М из нержавеющей стали,_Вогнутый_в,900.0,Не найдено,,,,,,
"Датчик давления тормозной HBPS 160-32C М10х1,25",160-32C_Датчик_дав,950.0,Не найдено,,,,,,
HLL-001 Локатор HEL,HLL-001_HLL-001_Ло,400.0,Не найдено,,,,,,
HLL-002 Локатор HEL Nylon Car Line (Impreza) для Dash 03,HLL-002_HLL-002_Ло,350.0,Не найдено,,,,,,
HLL-003 Локатор HEL Nylon Single Hole для Dash 03,HLL-003_HLL-003_Ло,450.0,Не найдено,,,,,,
HLL-005 Локатор HEL Nylon EVO для Dash 03,HLL-005_HLL-005_Ло,350.0,Не найдено,,,,,,
HLL-006 Локатор HEL Nylon Car Line для Dash 03,HLL-006_HLL-006_Ло,350.0,Не найдено,,,,,,
HLL-007 Локатор HEL резиновый для Dash 03,HLL-007_HLL-007_Ло,400.0,Не найдено,,,,,,
HLL-009 Удерживающий зажим HEL (Bird Clip),HLL-009_HLL-009_Уд,50.0,Не найдено,,,,,,
Nylon Фиксатор для Dash 03,_Nylon_Фикс,300.0,Не найдено,,,,,,
HLONG Вставка HEL универсальная 53 mm,_HLONG_Вста,850.0,Не найдено,,,,,,
HLONG Вставка вогнутая HEL,_HLONG_Вста,800.0,Не найдено,,,,,,
Вставка в фитинги универсальная средняя 44 mm,_Вставка_в_,400.0,Не найдено,,,,,,
HPC Р-клип HEL 10мм,_HPC_Р-клип,250.0,Не найдено,,,,,,
HPC Р-клип HEL 12мм,_HPC_Р-клип,300.0,Не найдено,,,,,,
PLT-001 Пластина крепежная HEL,PLT-001_PLT-001_Пл,200.0,Не найдено,,,,,,
Пластина LRBR-STL Stainless,LRBR-STL_Пластина_L,300.0,Не найдено,,,,,,
"Крепление метал к кузову RIO, Solaris",_Крепление_,300.0,Не найдено,,,,,,
"Крепление метал к кузову RIO, Solaris",_Крепление_,300.0,Не найдено,,,,,,
SP-204INSERT Фитинг HEL,SP-204INSERT_SP-204INSE,500.0,Не найдено,,,,,,
SP-204NY-O Отверстие для размещения M6 HEL в литом корпусе  - Использование с SP-INSERT,SP-204NY_SP-204NY-O,600.0,Не найдено,,,,,,
Антидождь для визора мотошлема IPONE VISOR RAINOFF 100 мл,_Антидождь_,800.0,Не найдено,,,,,,
Антифог Shogen 100 мл,_Антифог_Sh,350.0,Не найдено,,,,,,
Антифог STARKS Anti-fogging 100 мл,_Антифог_ST,350.0,Не найдено,,,,,,
Баф Hyperlook Anarhy-D,_Баф_Hyperl,800.0,Не найдено,,,,,,
Баф Hyperlook Anarhy-F,_Баф_Hyperl,800.0,Не найдено,,,,,,
Баф Hyperlook Anarhy-G,_Баф_Hyperl,800.0,Не найдено,,,,,,
"Мото баф Hyperlook Secretive - отображает последние тенденции в области моды мотоэкиперовки. Мото баф Secretive созданный нашей компанией подойдет как для мотопрогулок на винтажном мотоцикле, так и брутальном чоппере. Материал из которого сделан баф, обеспечивает изоляцию лица от пыли, грязи и других негативных факторов дороги, не мешая при этом дыхательным процессам. В мотобафе Hyperlook Secretive Вы всегда будете выглядеть не только стильно, но и чувствовать себя комфортно, т.к баф благодаря искусственному шелку практически не чувствуется на лице.",_Мото_баф_H,570.0,Не найдено,,,,,,
Бачок тормозной задний Bajaj для Dominar 400,_Бачок_торм,350.0,Не найдено,,,,,,
Болт H160-12C-31C,H160-12C_Болт_H160-,500.0,Не найдено,,,,,,
Болт H160-12C-35C,H160-12C_Болт_H160-,450.0,Не найдено,,,,,,
"Брелок Honda крыло, цвет Белый",_Брелок_Hon,300.0,Не найдено,,,,,,
Брелок Valentino,_Брелок_Val,300.0,Не найдено,,,,,,
Брелок Муравей,_Брелок_Мур,300.0,Не найдено,,,,,,
Брелок текстильный BESTMOTO,_Брелок_тек,200.0,Не найдено,,,,,,
Брелок текстильный Suzuki,_Брелок_тек,200.0,Не найдено,,,,,,
Варежки-митенки Sowcat,_Варежки-ми,890.0,Не найдено,,,,,,
Вольтметр и USB-порт,_Вольтметр_,700.0,Не найдено,,,,,,
Втулка крепления обтекателя (маски) фары головного света для Bajaj Dominar 400,_Втулка_кре,150.0,Не найдено,,,,,,
Выключатель нейтрали Bajaj,_Выключател,400.0,Не найдено,,,,,,
"Герметик системы охлаждения 0,125л LIQUI MOLY Motorbike Kuhler Dichter 3043 используется для герметизации мелких повреждений и трещин радиатора системы охлаждения, добавляется в антифриз при его утечке для препятствия перегрева и выхода из строя двигателя автомобиля. Герметик представляет собой дисперсию частиц пластика и предполимеров в растворе моноэтиленгликоля. Состав затвердевает при перепадах давления и при доступе свободного кислорода - в местах повреждений образуется герметизирующий """"грибок"""".",_Герметик_с,800.0,Не найдено,,,,,,
Гермочехол Finntrail Smartpack,_Гермочехол,999.0,Не найдено,,,,,,
Грипсы Винтаж,_Грипсы_Вин,850.0,Не найдено,,,,,,
Универсальные грипсы отличаются исключительной мягкостью и высоким качеством материалов,_Универсаль,500.0,Не найдено,,,,,,
Грузики G-008,G-008_Грузики_G-,800.0,Не найдено,,,,,,
Dominar 400,_Dominar_40,600.0,Не найдено,,,,,,
Демпферные резинки заднего колеса Bajaj DK151094,DK151094_Демпферные,700.0,Не найдено,,,,,,
Заглушка пластиковая для глушителя,_Заглушка_п,450.0,Не найдено,,,,,,
Заготовка под ключ Honda 1 желоб,_Заготовка_,350.0,Не найдено,,,,,,
Заготовка под ключ Honda 2 желоба,_Заготовка_,350.0,Не найдено,,,,,,
Заготовка под ключ Honda Goldwing,_Заготовка_,300.0,Не найдено,,,,,,
Заготовка под ключ Kawasaki,_Заготовка_,300.0,Не найдено,,,,,,
Заготовка под ключ Suzuki,_Заготовка_,400.0,Не найдено,,,,,,
Заготовка под ключ Yamaha,_Заготовка_,300.0,Не найдено,,,,,,
Замок цепи под защелку 530HV,_Замок_цепи,350.0,Не найдено,,,,,,
Звезда передняя Bajaj 484-15T,484-15T_Звезда_пер,550.0,Не найдено,,,,,,
Знак качества HEL (Белый),_Знак_качес,100.0,Не найдено,,,,,,
Знак качества HEL (Таг Желтый),_Знак_качес,50.0,Не найдено,,,,,,
Знак качества HEL (Таг Синий),_Знак_качес,50.0,Не найдено,,,,,,
Знак качества RED (Красный),_Знак_качес,50.0,Не найдено,,,,,,
"Камера SM-PARTS 19"""" 2.25\2.50 TR4",SM-PARTS_Камера_SM-,500.0,Не найдено,,,,,,
"Камера SM-PARTS 19"""" 4.75/5.00 TR4",SM-PARTS_Камера_SM-,750.0,Не найдено,,,,,,
Канистра ENI 1L арт. Snow racing 2T,_Канистра_E,950.0,Не найдено,,,,,,
Замена производителем: 30151105 -> JN131812,JN131812_Замена_про,990.0,Не найдено,,,,,,
Комплект прокладок карбюратора Bajaj,_Комплект_п,570.0,Не найдено,,,,,,
Крышка ведущей звезды Bajaj PF541265,PF541265_Крышка_вед,850.0,Не найдено,,,,,,
Крышка масляного фильтра Dominar 400 (JL571001),JL571001_Крышка_мас,400.0,Не найдено,,,,,,
Оригинальная сменная линза для системы грязеочистки Forecast от 100%. Цвет - прозрачный.,_Оригинальн,600.0,Не найдено,,,,,,
Линза Fox Main Lens,_Линза_Fox_,700.0,Не найдено,,,,,,
Линзы отрывные Fox Main Ter Offs Laminated,_Линзы_отры,950.0,Не найдено,,,,,,
Дополнительная липучка.,_Дополнител,100.0,Не найдено,,,,,,
Лист наклеек 010,_Лист_накле,550.0,Не найдено,,,,,,
Лист наклеек 011,_Лист_накле,500.0,Не найдено,,,,,,
Лист наклеек 012,_Лист_накле,500.0,Не найдено,,,,,,
Лист наклеек 013,_Лист_накле,500.0,Не найдено,,,,,,
Лист наклеек 014,_Лист_накле,500.0,Не найдено,,,,,,
Лист наклеек 016,_Лист_накле,500.0,Не найдено,,,,,,
Лист наклеек 018,_Лист_накле,500.0,Не найдено,,,,,,
Лист наклеек 034,_Лист_накле,500.0,Не найдено,,,,,,
Лист наклеек 035,_Лист_накле,550.0,Не найдено,,,,,,
Мотоигрушка Harley,_Мотоигрушк,100.0,Не найдено,,,,,,
Мотоигрушка Naked,_Мотоигрушк,100.0,Не найдено,,,,,,
Мотоигрушка Sport,_Мотоигрушк,100.0,Не найдено,,,,,,
Набор прокладок ЦПГ 154FMI-2 (S125) (54*54)ZS,154FMI-2_Набор_прок,100.0,Не найдено,,,,,,
Наклейка на крышку бака Kawasaki 001,_Наклейка_н,500.0,Не найдено,,,,,,
Наушники для шлема на 3М основе,_Наушники_д,750.0,Не найдено,,,,,,
Нейтрализатор запаха для обуви STARKS Shoes 100 мл,_Нейтрализа,590.0,Не найдено,,,,,,
Нейтрализатор запаха для экипировки STARKS Equipment 100 мл,_Нейтрализа,450.0,Не найдено,,,,,,
Нейтрализатор запаха животных STARKS Pet animal 100 мл,_Нейтрализа,390.0,Не найдено,,,,,,
Носки STARKS,_Носки_STAR,350.0,Не найдено,,,,,,
Очиститель визора и шлема LAVR,_Очиститель,150.0,Не найдено,,,,,,
Очиститель для рук  MOTUL M4 Hands Clean 100 мл,_Очиститель,875.0,Не найдено,,,,,,
"Очищает забрала мотошлемов и создаёт покрытие, препятствующее запотеванию. Удаляет пыль, грязь, жиры, силиконы и остатки насекомых с забрал из любых полимерных материалов: поликарбоната, полиметилметакрилата, полистирола и т.п. Не оставляет мутной пленки после высыхания, не повреждает обрабатываемые материалы.",_Очищает_за,990.0,Не найдено,,,,,,
"Очиститель мотоцикла LAVR MOTOLINE, 500 мл",_Очиститель,600.0,Не найдено,,,,,,
Очиститель мотоцикла MOTUL E7 Insect Remover 400 мл,_Очиститель,895.0,Не найдено,,,,,,
Очиститель обивки шлема STARKS 100мл,_Очиститель,500.0,Не найдено,,,,,,
"Специальный очиститель на основе высокоэффективной комбинации растворителей, обеспечивающий быструю и эффективную очистку и обезжиривание различных конструкционных элементов двухколесных транспортных средств. Очиститель специально разработан для очистки цепей мотоциклов, велосипедов, мотороллеров, мопедов и т.п. Подходит также для очистки цепей с кольцеобразными звеньями.",_Специальны,780.0,Не найдено,,,,,,
"Специальное средство для быстрой очистки и обезжиривания всех типов приводных цепей мото- и велотехники. Расщепляет сложные въевшиеся загрязнения: смазку, дорожные и эксплуатационные загрязнения. Высокое давление в 5 атмосфер смывает грязь и смазку за считанные секунды. Совместим с устройствами для чистки цепи. Используется перед нанесением смазки.",_Специально,700.0,Не найдено,,,,,,
Очиститель цепи и механизмов мотоциклов ВМПАВТО 650мл,_Очиститель,450.0,Не найдено,,,,,,
Очиститель шлема внутренний IPONE Helmet’In 150 мл,_Очиститель,680.0,Не найдено,,,,,,
"Пакет """"Почта России"""", 500х545","_Пакет_""""По",50.0,Не найдено,,,,,,
"Пакет """"Почта России"""", 787х750","_Пакет_""""По",100.0,Не найдено,,,,,,
Перчатки Tanked,_Перчатки_T,800.0,Не найдено,,,,,,
Перчатки утепленные Pixel,_Перчатки_у,690.0,Не найдено,,,,,,
Подходит на все кроссовые мотоциклы с рулем 22мм (одинаковое сечение руля по всей длине без утолщения у основания),_Подходит_н,450.0,Не найдено,,,,,,
Подходит на все кроссовые мотоциклы с рулем 22мм (одинаковое сечение руля по всей длине без утолщения у основания),_Подходит_н,450.0,Не найдено,,,,,,
Подходит на все кроссовые мотоциклы с рулем 22мм (одинаковое сечение руля по всей длине без утолщения у основания),_Подходит_н,450.0,Не найдено,,,,,,
Подходит на все кроссовые мотоциклы с рулем 22мм (одинаковое сечение руля по всей длине без утолщения у основания),_Подходит_н,450.0,Не найдено,,,,,,
Подходит на все кроссовые мотоциклы с рулем 22мм (одинаковое сечение руля по всей длине без утолщения у основания),_Подходит_н,450.0,Не найдено,,,,,,
Подходит на все кроссовые мотоциклы с рулем 22мм (одинаковое сечение руля по всей длине без утолщения у основания),_Подходит_н,450.0,Не найдено,,,,,,
Подходит на все кроссовые мотоциклы с рулем 22мм (одинаковое сечение руля по всей длине без утолщения у основания),_Подходит_н,550.0,Не найдено,,,,,,
Подходит на все кроссовые мотоциклы с рулем 22мм (одинаковое сечение руля по всей длине без утолщения у основания),_Подходит_н,550.0,Не найдено,,,,,,
Подшипник шариковый ступицы колеса Bajaj KPBC6202,KPBC6202_Подшипник_,670.0,Не найдено,,,,,,
"Подшлемник Hyperlook Exhilarant инновационный по своей сути, при его создании были использованы последние разработки итальянской текстильной компании Molinari Textile. Подшлемник состоит из пропиленового волокна и из особого полиэфирного шелка SilkSynth, который обеспечивает максимальную вентиляцию головы. Преимуществами пропиленовых волокон являются низкая плотность, хорошие вентиляционные свойства, высокие прочность и износостойкость, а также хемостойкость в кислых и щелочных средах. Данный подшлемник не будет мяться при одевании шлема, прекрасно поддается стирке и быстро сохнет. Модель Exhilarant рекомендована к использованию мото-спортсменам, а также обычным мотоциклистам в жаркую погоду.",_Подшлемник,700.0,Не найдено,,,,,,
"Подшлемник Hyperlook Pancher предназначен для мотоциклистов, а так же любителей динамичных видов спорта. Ткань (итальянский хлопок) из которого на 95 % состоит изделие, отображает последние разработки текстильной компании Molinari Textile. Мотоподшлемник Hyperlook Pacnher  обеспечивает превосходную вентиляцию головы, благодаря чему испарение влаги происходит максимально быстро, ткань  подшлемника содержит полиэфирные волокна — это позволяет в значительной степени снизить разрушение волокон ткани, сделав ее более тонкой и нежной, хорошо воздухопроницаемой, а главное устойчивой к различного рода деформациям (растягиваниям, скручиваниие).",_Подшлемник,650.0,Не найдено,,,,,,
"Детские подшлемник Hyperlook Pancher Kids предназначен для детей в возрасте от 4 до 12 лет, которые увлекаются авто и мотоспортом. На данном подшлемнике используется проверенная временем и гигиеническими испытаниями ткань итальянского производства, с добавлением нитей GoldToch, для повышения стерильности изделия. Стоит уделить внимание вырезу для глаз, который выполнен таким образом, что не будет препятствовать обзору 4-х летнего спортсмена, так и 12-ти, данного эффекта удалось достичь благодаря точным расчетам конструктаров и специальной резинки вокруг разреза для глаз. Подшлемник Hyperlook Pancher Kids позаботится о чистоте и защите головного покрова Вашего маленького спортсмена от агрессивных факторов окружающей среды, таких как : пыль, влага, грязь, снег и т.д.",_Детские_по,650.0,Не найдено,,,,,,
Подшлемник Hyperlook Winter Action,_Подшлемник,660.0,Не найдено,,,,,,
Подшлемник Hyperlook Winter Action KIDS,_Подшлемник,660.0,Не найдено,,,,,,
Подшлемник Simple,_Подшлемник,350.0,Не найдено,,,,,,
Подшлемник STARKS Light Kids,_Подшлемник,700.0,Не найдено,,,,,,
Подшлемник Tactic,_Подшлемник,890.0,Не найдено,,,,,,
Полироль MOTUL E8 Scratch Remover 100 мл,_Полироль_M,805.0,Не найдено,,,,,,
Полироль для хрома MOTUL E6 Chrome & Alu Polish 100 мл,_Полироль_д,790.0,Не найдено,,,,,,
прокладка цилиндра GR7 2T,_прокладка_,800.0,Не найдено,,,,,,
Пропитка воздушного фильтра ВМПАВТО 350 мл,_Пропитка_в,680.0,Не найдено,,,,,,
Пыльники рулевой колонки верхний Bajaj,_Пыльники_р,200.0,Не найдено,,,,,,
Рамка крепления ном. знака для квадроц. и снегохода CRAZY IRON  SUZUKI,_Рамка_креп,700.0,Не найдено,,,,,,
Рамка крепления ном. знака для квадроц. и снегохода CRAZY IRON YAMAHA,_Рамка_креп,700.0,Не найдено,,,,,,
Рамка крепления ном. знака для квадроцикла и снегохода CRAZY IRON KAWASAKI,_Рамка_креп,750.0,Не найдено,,,,,,
"Рамка крепления номерного знака 190х145, BAJAJ",_Рамка_креп,700.0,Не найдено,,,,,,
"Рамка крепления номерного знака 190х145, BESTMOTO",_Рамка_креп,750.0,Не найдено,,,,,,
"Рамка крепления номерного знака 190х145, без логотипа",_Рамка_креп,750.0,Не найдено,,,,,,
"Разборная перекладина позволяет устанавливать ее без снятия грипс и рычагов. Предназначена для крепления аксессуаров (навигатора, телефона и т.д.). Придает дополнительную жесткость рулю.",_Разборная_,550.0,Не найдено,,,,,,
Рычаг тормоза на питбайк складной SM-PARTS,SM-PARTS_Рычаг_торм,650.0,Не найдено,,,,,,
Сальник вала переключения передач Bajaj,_Сальник_ва,300.0,Не найдено,,,,,,
Сальник переднего амортизатора Bajaj(dia 31),_Сальник_пе,550.0,Не найдено,,,,,,
Сальник передней вилки BAJAJ для NS200/RS200,NS200_Сальник_пе,550.0,Не найдено,,,,,,
"Для мотоциклов BAJAJ моделей : NS150, V150, Boxer.",NS150_Для_мотоци,450.0,Не найдено,,,,,,
Свеча зажигания BAJAJ DD111018,DD111018_Свеча_зажи,550.0,Не найдено,,,,,,
"Для мотоциклов BAJAJ с системой DTS-I (Pulsar, Dominar)",DTS-I_Для_мотоци,600.0,Не найдено,,,,,,
"Для мотоциклов BAJAJ с системой DTS-I (Pulsar, Dominar)",DTS-I_Для_мотоци,600.0,Не найдено,,,,,,
Свеча зажигания BAJAJ RG4HC (боковая),_Свеча_зажи,500.0,Не найдено,,,,,,
Свеча зажигания NGK B7HS,_Свеча_зажи,600.0,Не найдено,,,,,,
Сертификат,_Сертификат,100.0,Не найдено,,,,,,
"При езде по городу или в дальней поездке, Вы всегда можете удобно и надежно закрепить необходимые вещи с помощью багажной сетки Hyperlook. Для удобства, советуем Вам разместить багажную сетку на хвосте мотоцикла, либо на бензобаке. Наши модели сеток оснащены железными крючками с пластиковыми наконечниками, для защиты лако-красочного покрытия Вашего мотоцикла.",_При_езде_п,720.0,Не найдено,,,,,,
Сетка багажная STARKS Net,_Сетка_бага,800.0,Не найдено,,,,,,
"Смазка универсальная силиконовая KERRY® KR-941-3, 400 мл, аэрозоль. Отличное средство для ухода за автомобилем, подходит для разнообразного бытового и промышленного использования. Образует на обрабатываемых поверхностях полимерный слой, обладающий химической инертностью и широким интервалом рабочих температур (от -40С до +200С). Высокая текучесть силикона, способность образовывать стойкие пленки на самых разных поверхностях и влаговытесняющие свойства делают смазку незаменимым средством для обработки различных деталей и механизмов. Устраняет неприятный скрип и скрежет дверных петель, снижает вероятность заклинивания тросов, приводов, замков. При отрицательных температурах исключает примерзание и деформацию резиновых уплотнителей дверей, капота и багажника, продлевает их срок службы.",KR-941_Смазка_уни,550.0,Не найдено,,,,,,
"Липкая синтетическая смазка для быстродвижущихся цепей мототехники. Специально разработана для дорожных мотоциклов с уплотнителями типа О-ring, X-ring, Z-ring и без уплотнителей. Образует смазывающую пленку, стойкую к воздействию воды и грязи. Защищает сальники цепи независимо от нагрузок и скоростей. Увеличивает срок службы цепи, уменьшая трение.",_Липкая_син,950.0,Не найдено,,,,,,
"Липкая синтетическая смазка для быстродвижущихся цепей мототехники. Специально разработана для дорожных мотоциклов с уплотнителями типа О-ring, X-ring, Z-ring и без уплотнителей. Образует смазывающую пленку, стойкую к воздействию воды и грязи. Защищает сальники цепи независимо от нагрузок и скоростей. Увеличивает срок службы цепи, уменьшая трение.",_Липкая_син,950.0,Не найдено,,,,,,
"Смазка цепи внедорожная LAVR, 400мл",_Смазка_цеп,800.0,Не найдено,,,,,,
"Смазка цепи для спортивных мотоциклов LAVR, 400мл",_Смазка_цеп,900.0,Не найдено,,,,,,
"Липкая синтетическая смазка для быстродвижущихся цепей мототехники. Специально разработана для дорожных мотоциклов с уплотнителями типа О-ring, X-ring, Z-ring и без уплотнителей. Образует смазывающую пленку, стойкую к воздействию воды и грязи. Защищает сальники цепи независимо от нагрузок и скоростей. Увеличивает срок службы цепи, уменьшая трение.",_Липкая_син,800.0,Не найдено,,,,,,
Соты защитные,_Соты_защит,700.0,Не найдено,,,,,,
Комплект аллюминиевых спиц,_Комплект_а,850.0,Не найдено,,,,,,
Средство по уходу за мембраной STARKS 500мл,_Средство_п,700.0,Не найдено,,,,,,
Средство по уходу за экипировкой STARKS clean equipment 500мл,_Средство_п,700.0,Не найдено,,,,,,
"Прозрачное - универсальная линза, которая позволяет максимально пропускать свет при любых погодных условиях. На закате и в ночное время используйте только прозрачные линзы, так как они имеют самый высокий VLT, позволяя большему количеству света попадать в глаза. Прозрачные линзы также являются лучшим выбором при езде в плохую погоду.",_Прозрачное,450.0,Не найдено,,,,,,
Удалитель наклеек LAVR 400мл / LN1744,LN1744_Удалитель_,500.0,Не найдено,,,,,,
Универсальная термолента для выпускных коллекторов и глушителей. Ширина 50мм.,_Универсаль,150.0,Не найдено,,,,,,
"Поворотники L-163  – идеальное решение для того что бы преобразить ваш мотоцикл. Наши поворотники просто и легко установить на мотоцикл, корпус поворотника водонепроницаем и изготовлен из пластика. Диодная оптика намного ярче стандартных ламп накаливания. В комплекте светодиодного поворотника идут все необходимые элементы для установки и подключения. При необходимости отдельно требуется докупать резисторы сопротивления.",L-163_Поворотник,850.0,Не найдено,,,,,,
Уход за мембраной STARKS Clean Membrane 500 мл,_Уход_за_ме,700.0,Не найдено,,,,,,
Уход за спортивной экипировкой Helmetex Pro 100 мл,_Уход_за_сп,600.0,Не найдено,,,,,,
Уход за спортивной экипировкой Helmetex Shoes 100 мл,_Уход_за_сп,800.0,Не найдено,,,,,,
Уход за спортивной экипировкой Helmetex Sport 100 мл,_Уход_за_сп,550.0,Не найдено,,,,,,
Уход за экипировкой STARKS Clean Equipment 500 мл,_Уход_за_эк,700.0,Не найдено,,,,,,
Фильтр воздушный DK121009,DK121009_Фильтр_воз,500.0,Не найдено,,,,,,
Фильтр воздушный Hiflo Filtro HFA4103,HFA4103_Фильтр_воз,840.0,Не найдено,,,,,,
Фильтр воздушный Hiflo Filtro HFA7601,HFA7601_Фильтр_воз,980.0,Не найдено,,,,,,
Фильтр воздушный Hiflo Filtro HFA7603,HFA7603_Фильтр_воз,520.0,Не найдено,,,,,,
Фильтр масляный BAJAJ NS/RS/AS/Dominar) JG571014.,JG571014_Фильтр_мас,500.0,Не найдено,,,,,,
Оригинальный масляный фильтр (бумажный) для мотоциклов BAJAJ Boxer/X/V150,_Оригинальн,400.0,Не найдено,,,,,,
Фильтр масляный Hiflo Filtro HF157,HF157_Фильтр_мас,660.0,Не найдено,,,,,,
Фильтр масляный Hiflo Filtro HF182,HF182_Фильтр_мас,545.0,Не найдено,,,,,,
Фильтр масляный Hiflo Filtro HF531,HF531_Фильтр_мас,730.0,Не найдено,,,,,,
Фильтр масляный Hiflo Filtro HF559,HF559_Фильтр_мас,530.0,Не найдено,,,,,,
"Масляный фильтр для мотоциклов Aprilia, Husqvarna, Hiflofiltro HF-563, OEM Aprilia 874081/ 9150166, OEM Husqvarna 8000B0593",HF-563_Масляный_ф,890.0,Не найдено,,,,,,
Фильтр топливный Bajaj / KTM 93807018000,93807018000_Фильтр_топ,450.0,Не найдено,,,,,,
Pulsar 150,_Pulsar_150,550.0,Не найдено,,,,,,
Фильтрующий элемент воздушного фильтра BAJAJ PF581012,PF581012_Фильтрующи,400.0,Не найдено,,,,,,
BAJAJ DG121010 Фильтрующий элемент воздушного фильтра (Avenger St/Cr),DG121010_BAJAJ_DG12,400.0,Не найдено,,,,,,
Флиппер на обод колеса SM-PARTS 21,SM-PARTS_Флиппер_на,150.0,Не найдено,,,,,,
Чехол на тормозной бачек Akrapovic,_Чехол_на_т,850.0,Не найдено,,,,,,
"Мото шапка Hyperlook Gee разрабатывалась специально для открытых шлемов и любителей мотокросса. Благодаря идеальным лекалам, плоским швам, нам удалось создать мотоциклетную шапку, которая подойдет любому мотоциклисту, а высококачественная ткань отведет влагу, тем самым поддержит благоприятную микрофлору головы. Мото шапка Hyperlook Gee превосходный вариант, как для мото-прогулок в открытом шлеме, так и тренировок на кроссовой трассе.",_Мото_шапка,680.0,Не найдено,,,,,,
Шестерня промежуточная электростартера KAYO двиг. YX CB250 (воздушный) CN,CB250_Шестерня_п,500.0,Не найдено,,,,,,
Шнурок на шею Honda,_Шнурок_на_,385.0,Не найдено,,,,,,
Шнурок на шею KTM,_Шнурок_на_,385.0,Не найдено,,,,,,
Щетка для чистки цепи,_Щетка_для_,300.0,Не найдено,,,,,,
